topic,requires
14,1318
14,2240
28,726
28,818
29,861
30,1474
30,1475
31,735
32,14
33,31
34,157
34,459
35,812
37,1246
38,40
38,65
38,387
40,1412
43,278
43,308
57,987
57,1115
57,3739
64,2561
64,3721
65,134
65,524
65,1412
66,40
66,65
67,66
67,2202
68,1297
68,2183
71,267
71,3721
73,1226
75,96
79,81
81,137
81,1783
84,117
85,811
85,3721
86,484
86,1318
86,2275
87,85
87,137
88,428
88,2119
89,352
89,353
89,370
92,63
94,66
94,92
95,94
96,64
96,1987
97,95
101,2225
101,3821
104,2119
112,516
112,1848
116,1422
117,453
118,1495
121,125
121,2475
121,2561
125,2195
126,1632
130,63
130,236
130,2451
130,2452
130,4196
130,4197
130,4198
131,130
132,705
132,1120
133,428
133,661
133,1676
134,329
134,644
135,328
135,645
135,3718
137,3847
138,134
138,135
140,371
141,2707
141,2841
142,125
142,2560
146,29
146,1167
147,177
147,862
152,861
153,233
153,863
154,153
154,232
154,864
155,1729
157,735
159,227
161,2475
165,418
165,802
166,261
166,4037
167,1848
168,629
168,1456
169,629
169,4037
175,1166
176,244
177,243
177,1166
178,3721
183,715
203,436
203,611
203,3739
204,112
204,1456
204,1518
205,207
206,1251
206,1491
206,1493
207,203
209,1483
209,1486
209,1487
226,1599
227,905
232,146
233,152
233,1167
236,2360
239,2204
239,2310
239,3709
243,176
243,3766
244,1165
245,153
245,4858
246,1277
259,275
259,2841
259,3540
259,3557
261,167
262,433
262,1318
263,433
263,1318
263,1386
265,2024
266,3555
267,3561
268,269
268,2271
269,4037
270,3766
271,270
274,3766
275,206
275,784
275,1254
275,1659
275,1661
278,35
280,268
280,986
281,280
281,1116
282,203
282,478
283,2006
284,296
284,1115
284,1589
285,1686
285,3769
287,4059
288,1691
291,1785
296,812
297,329
303,57
303,1483
303,1486
303,1487
303,1785
305,1108
305,1686
308,35
312,1361
313,1691
314,462
314,1262
315,209
315,342
315,1159
316,1159
317,478
317,3770
322,125
323,2202
324,4361
328,3679
328,3680
329,3679
329,3680
330,3718
331,334
332,278
333,1200
334,1108
334,3769
335,762
336,396
336,470
337,1208
337,1813
337,3817
338,1159
339,1360
339,3846
340,982
340,3771
342,1721
343,67
343,135
343,2270
345,4059
347,4028
349,71
349,655
349,1783
349,3847
350,347
350,388
352,360
353,87
353,349
353,2181
354,3752
355,1297
356,1413
360,371
361,371
362,374
362,380
363,1359
364,1360
370,2275
371,79
371,349
371,3873
372,89
374,71
374,1223
375,1424
376,75
376,1822
378,457
379,2607
380,2607
381,376
381,1819
382,352
384,66
384,96
384,137
387,64
387,2310
388,4034
389,1927
389,2012
389,3729
390,389
390,2240
390,3848
391,66
391,3561
393,1424
394,1424
395,1432
396,97
396,557
396,573
396,2183
398,1240
408,487
408,839
408,4236
410,393
410,425
410,1422
416,1140
418,138
418,1240
419,450
419,1423
421,343
421,1437
421,3979
422,813
422,1425
423,68
423,87
424,416
425,422
426,651
426,1024
426,2213
427,2013
428,2337
430,376
430,1927
430,2240
430,4029
431,57
431,798
433,354
433,430
433,1601
433,2184
434,425
434,455
434,1422
435,1676
435,2337
436,435
437,134
437,423
440,435
440,2625
441,370
441,381
443,331
444,315
445,1060
445,1159
446,445
446,1062
447,315
447,445
447,1063
450,352
451,1576
451,4029
452,790
453,1888
454,1653
454,2038
455,2841
455,3735
456,817
457,379
458,4028
459,433
459,573
460,354
460,1404
460,2234
461,165
462,1814
463,281
463,1115
463,1377
463,1717
463,1905
463,1958
463,1986
464,14
466,342
466,1061
468,1495
469,655
469,2022
470,64
470,589
472,461
474,314
475,803
475,1277
477,84
477,1352
477,1628
478,1159
480,394
480,469
480,1422
480,2337
483,577
483,1363
483,3823
484,1927
485,92
485,1463
487,356
487,2225
490,552
490,1319
491,490
491,2218
493,408
493,837
493,1414
493,5572
496,343
496,1379
496,1509
496,3554
510,611
512,459
516,610
516,764
516,765
521,1463
521,3979
524,297
524,328
525,2356
525,4204
526,459
526,3562
528,564
530,528
533,529
534,1317
539,543
544,543
545,539
545,544
552,553
553,534
554,552
557,552
558,557
558,2382
561,554
563,552
565,3968
566,236
566,4196
566,4197
566,4198
567,2378
573,92
573,2281
577,2216
589,1987
589,2204
599,390
599,1318
599,2275
602,621
602,2976
604,37
604,1813
604,3756
604,6185
606,203
607,1263
607,1377
607,1717
607,1719
609,1597
610,609
610,753
611,633
612,474
613,333
620,296
620,1115
620,1745
620,1765
621,363
625,472
626,1200
627,1889
629,609
631,470
631,1240
632,1685
633,609
634,1254
640,992
640,993
643,3721
644,645
645,643
645,2357
648,826
648,3576
651,343
652,322
652,2202
653,426
654,206
654,784
654,1254
654,1659
654,1661
655,470
655,2607
657,645
657,655
660,370
661,84
661,393
661,422
661,1422
665,387
665,1240
666,843
667,2271
668,667
669,667
672,1346
672,2214
673,2271
675,779
676,677
677,675
679,2271
680,1818
681,2469
684,686
684,2857
684,3838
685,2215
685,2534
686,981
688,661
690,1016
690,1017
691,981
692,1016
696,33
696,660
696,2336
696,2337
698,1413
698,1415
703,775
704,84
705,703
708,440
708,2626
709,1121
711,1632
715,324
724,696
724,1647
725,453
725,2226
725,2227
725,3817
726,378
727,428
727,480
728,435
729,1422
730,1290
733,871
734,2609
735,14
735,2205
736,453
736,734
740,183
742,2225
752,313
752,923
753,3817
754,1888
755,4250
756,753
757,2119
758,1159
759,315
759,478
759,3770
760,315
760,478
760,3770
762,478
762,824
762,3770
763,3581
763,3767
763,4139
764,460
764,3980
765,611
766,1509
766,2310
766,2558
773,715
774,68
775,161
775,774
776,206
776,784
776,1254
776,1573
776,1659
776,1661
778,141
778,776
778,3563
778,3567
778,5088
779,672
779,673
784,1491
784,1493
784,1586
788,1470
788,3214
790,96
790,165
793,1120
794,131
794,793
794,2826
794,2827
798,803
799,798
802,458
802,3821
803,1875
803,2062
803,3842
806,843
806,1255
807,425
807,428
807,1422
807,1676
808,3735
811,4250
812,337
813,371
814,84
817,1530
818,378
824,284
825,763
826,825
826,1085
826,3582
829,840
829,3543
831,205
831,274
837,3725
837,3979
839,398
839,418
839,2558
842,1183
843,842
844,843
845,843
846,469
846,728
847,728
848,842
848,853
849,843
849,848
850,849
852,666
852,849
853,573
853,1404
861,2204
862,1167
863,147
864,146
864,152
864,863
865,175
866,1196
866,2706
867,866
870,1482
871,2048
872,871
873,872
873,1255
874,733
875,1124
875,1255
884,885
885,684
885,691
885,3826
892,735
893,157
893,1456
894,227
894,936
895,31
895,419
895,425
895,464
896,724
897,896
898,894
905,892
913,1491
914,1491
915,1493
923,1259
925,894
931,866
932,915
932,931
933,867
933,932
933,1358
934,864
934,1729
935,459
935,1456
936,935
937,842
937,936
942,45
942,1676
942,2337
945,363
945,477
945,1281
947,203
947,1258
981,675
981,690
982,981
982,1088
983,982
986,332
987,986
987,3562
987,6341
988,864
988,866
989,866
989,1169
992,296
993,296
997,760
997,798
997,1038
998,431
998,936
999,760
999,3854
1000,1038
1000,2173
1004,2857
1007,1108
1007,1114
1016,685
1017,673
1017,685
1020,686
1020,691
1023,154
1023,155
1023,934
1024,1131
1024,2561
1024,3762
1029,733
1029,872
1036,1108
1036,1116
1037,282
1037,1455
1037,3857
1038,271
1038,831
1038,1037
1040,342
1040,1685
1041,1432
1042,477
1042,1281
1044,57
1044,284
1044,620
1045,487
1045,4236
1046,3846
1056,734
1056,5204
1057,3753
1057,5204
1060,708
1061,478
1061,1181
1061,3770
1062,1060
1063,1060
1076,207
1076,270
1076,274
1081,487
1081,4236
1085,478
1085,3770
1085,4139
1086,1042
1087,1903
1088,680
1088,2048
1100,1107
1101,169
1101,1100
1102,1100
1103,1101
1104,1103
1105,1103
1106,1102
1106,1105
1107,1379
1107,3554
1108,986
1109,280
1109,1116
1110,1109
1112,334
1112,1159
1114,332
1114,818
1115,305
1115,1007
1115,1036
1116,1114
1117,1249
1120,709
1121,130
1124,1125
1125,117
1128,1124
1131,297
1131,328
1132,1124
1140,317
1144,2467
1146,2467
1150,3821
1153,391
1153,470
1153,1289
1154,4315
1156,3404
1157,360
1157,1331
1158,3764
1159,443
1159,1685
1161,1159
1165,1104
1165,1105
1166,1165
1167,861
1168,29
1169,152
1171,147
1171,1195
1177,621
1179,466
1181,3215
1183,459
1183,485
1183,1404
1195,146
1195,177
1195,862
1196,1198
1198,147
1198,1195
1200,632
1200,1040
1203,478
1203,1200
1208,336
1208,393
1208,394
1208,1422
1208,1676
1211,339
1216,364
1216,1211
1222,3825
1223,267
1223,297
1224,267
1226,2271
1240,356
1240,396
1244,75
1244,452
1245,607
1245,1087
1246,1914
1249,1110
1251,3821
1252,3821
1254,1252
1254,1584
1254,1586
1255,271
1255,803
1255,831
1255,1455
1255,3857
1257,803
1257,947
1258,1565
1258,1566
1258,1567
1259,1258
1262,1377
1262,1717
1262,1905
1262,1958
1262,1986
1263,37
1263,1873
1263,2050
1275,1608
1277,175
1278,177
1278,209
1278,1277
1281,84
1281,1352
1281,1628
1285,1278
1286,245
1287,1286
1287,1295
1289,125
1290,1154
1295,1285
1297,135
1299,245
1317,1378
1318,1927
1319,496
1319,1317
1321,1319
1321,1458
1322,1321
1322,1462
1331,362
1331,2012
1346,668
1346,669
1351,988
1351,989
1352,1461
1352,3872
1353,1397
1353,2278
1358,866
1359,752
1359,2147
1359,2859
1360,1359
1361,30
1361,1116
1361,3769
1363,2217
1377,1246
1377,1707
1377,1814
1377,1873
1379,236
1379,297
1379,1378
1382,1040
1382,4004
1382,4005
1386,1322
1386,1403
1395,3281
1397,1352
1397,1644
1403,1511
1403,1601
1404,178
1404,2278
1412,64
1413,137
1413,651
1414,343
1415,68
1415,651
1417,1428
1417,1457
1422,375
1423,813
1424,813
1425,1423
1427,3725
1427,3979
1428,1289
1428,1331
1429,425
1429,661
1432,1040
1437,1507
1437,1510
1451,661
1451,704
1453,112
1454,205
1455,205
1456,1848
1457,1223
1457,1224
1457,1289
1457,2012
1458,496
1458,1511
1459,1317
1459,1462
1459,1509
1461,521
1461,1386
1461,1508
1462,1379
1463,651
1463,1379
1467,2484
1468,1353
1468,1515
1470,1843
1472,627
1472,870
1472,1551
1473,1599
1474,1473
1475,1599
1482,28
1482,1475
1483,1491
1483,1889
1483,3734
1486,1491
1486,1889
1486,3734
1487,1493
1487,1889
1487,3734
1491,1844
1491,2148
1493,1844
1493,2046
1493,2148
1495,394
1495,451
1495,661
1495,1318
1499,125
1499,2560
1500,1378
1505,2172
1507,1509
1507,3554
1508,1511
1509,2172
1510,1509
1511,137
1511,1437
1515,1386
1516,92
1516,470
1516,1317
1517,1516
1518,1516
1530,1153
1530,1628
1530,3728
1531,1153
1531,1628
1531,3728
1532,726
1532,818
1532,2046
1532,3734
1535,3822
1540,2038
1540,2841
1551,226
1565,914
1566,913
1567,915
1573,1491
1573,2046
1573,2707
1576,388
1576,458
1583,870
1584,1251
1585,3821
1586,3821
1587,430
1588,653
1588,1240
1588,2231
1589,165
1589,1588
1589,3593
1590,1353
1590,2327
1594,375
1594,393
1594,1474
1594,1551
1597,1601
1599,726
1599,818
1600,454
1600,1875
1601,496
1601,1462
1608,629
1608,765
1609,6351
1610,1551
1610,1707
1628,802
1629,2472
1632,1634
1634,673
1639,137
1639,487
1639,1437
1643,375
1643,393
1643,425
1643,1475
1644,521
1644,1601
1647,905
1653,725
1653,1150
1653,1584
1654,661
1654,1653
1654,2119
1656,88
1656,1654
1659,1491
1659,1493
1659,1584
1661,1252
1661,1491
1661,1493
1676,423
1676,4951
1682,456
1685,3575
1686,1110
1691,2006
1707,1254
1707,1532
1716,625
1717,1246
1717,1873
1717,6351
1719,37
1719,275
1719,654
1719,1814
1719,1873
1721,303
1724,1171
1724,1196
1725,1724
1729,1195
1745,430
1745,1352
1745,1404
1753,1467
1753,2484
1762,2469
1765,681
1765,1146
1783,134
1783,657
1784,986
1784,2978
1784,3739
1785,1784
1813,441
1813,1246
1813,1676
1814,625
1814,2046
1815,455
1815,1676
1815,3739
1818,679
1818,1226
1819,2195
1819,3552
1822,178
1822,2174
1826,2849
1843,4420
1844,3568
1844,3766
1844,3829
1848,610
1848,764
1848,765
1873,461
1875,1540
1882,704
1882,814
1882,1451
1884,3559
1884,3728
1884,4034
1886,117
1888,802
1889,756
1889,1886
1903,808
1903,1905
1905,1263
1905,1814
1905,2033
1914,1716
1927,2204
1958,776
1958,1719
1959,865
1959,1195
1985,3821
1985,6219
1986,37
1986,1600
1986,1873
1986,3741
1987,121
1987,3561
2006,1815
2012,125
2013,435
2021,1453
2021,4037
2022,3821
2023,620
2023,3215
2024,1290
2033,2046
2034,2205
2036,176
2036,2327
2036,4638
2038,754
2038,1628
2038,2048
2046,1628
2048,97
2048,754
2049,2050
2050,2084
2062,259
2064,3566
2064,3850
2064,5088
2076,118
2076,3822
2082,455
2084,1656
2119,394
2119,425
2119,728
2119,846
2119,1422
2147,3833
2148,165
2150,2006
2162,118
2172,1378
2173,937
2174,3718
2181,79
2181,85
2183,64
2184,470
2184,1927
2184,2240
2195,2174
2202,3719
2204,1819
2205,2204
2205,2558
2213,64
2213,557
2213,645
2213,2454
2214,668
2214,3695
2215,680
2216,1516
2217,1518
2218,483
2220,470
2220,3765
2225,95
2226,3535
2227,1517
2229,1223
2229,3869
2229,3872
2230,68
2230,323
2230,557
2230,3872
2231,2230
2231,4196
2231,4197
2231,4198
2233,557
2233,3746
2233,3868
2233,3869
2233,3870
2234,2310
2234,3872
2240,2204
2244,138
2270,66
2271,802
2273,323
2273,1415
2273,2552
2273,2554
2274,2231
2274,2552
2274,2554
2275,371
2275,2012
2278,1463
2278,1500
2278,3873
2310,178
2321,2314
2327,418
2327,1588
2327,3593
2336,382
2336,4951
2337,382
2337,4951
2353,539
2353,2374
2354,2353
2356,2354
2356,2357
2357,545
2357,2353
2357,2372
2360,3968
2365,2440
2369,530
2369,2378
2369,2436
2372,544
2372,2374
2374,543
2374,2365
2376,2365
2377,533
2377,2388
2377,2459
2378,2360
2378,3079
2379,2459
2380,2379
2381,2380
2382,2369
2382,2377
2382,2438
2436,528
2437,529
2438,2436
2438,4698
2451,562
2452,562
2453,2378
2453,2451
2453,2452
2453,2459
2454,2453
2455,2453
2456,2382
2456,2453
2458,2360
2459,2378
2459,2458
2464,2465
2465,2471
2466,1629
2467,521
2467,1317
2467,1404
2468,2484
2469,2468
2471,1153
2471,1499
2471,2234
2472,142
2472,1153
2472,2234
2475,3537
2476,2378
2476,3537
2477,3537
2484,2467
2534,680
2552,92
2552,561
2552,2553
2553,40
2553,554
2553,557
2554,2553
2560,3754
2561,297
2561,299
2561,328
2561,3719
2564,40
2564,2558
2585,92
2607,1224
2607,3709
2609,2585
2610,37
2610,1717
2625,79
2625,755
2626,2625
2706,863
2706,1959
2707,1888
2746,806
2746,849
2826,45
2827,45
2837,875
2839,3284
2841,634
2841,1150
2841,1585
2849,2468
2855,1495
2856,116
2856,350
2857,30
2857,3737
2857,4034
2858,350
2858,1610
2858,1643
2859,2855
2859,3833
2883,728
2975,632
2975,1040
2976,57
2976,339
2976,1046
2976,1181
2978,661
2978,756
2979,393
2979,394
2979,1422
2981,872
2981,1255
2982,350
2982,1609
2982,1610
2982,2062
3079,565
3214,4420
3215,281
3216,57
3216,849
3216,1124
3281,183
3281,1290
3284,183
3284,1290
3355,2162
3400,898
3404,774
3404,1157
3530,116
3534,1128
3535,1518
3536,75
3536,134
3536,178
3537,2321
3540,725
3540,1491
3540,2707
3543,2805
3546,814
3546,3824
3552,1822
3554,343
3554,1505
3554,3980
3555,698
3556,837
3557,725
3557,1491
3557,2707
3558,725
3558,1493
3559,1244
3561,652
3562,1427
3563,1573
3563,3557
3565,1404
3566,3558
3567,1573
3567,3540
3568,261
3568,269
3571,2006
3575,283
3576,333
3576,335
3577,89
3581,824
3581,2857
3581,2858
3581,2859
3581,3355
3582,339
3582,762
3582,3581
3591,1632
3591,2585
3593,558
3595,3753
3653,896
3657,897
3657,3653
3664,2231
3664,2273
3668,602
3679,327
3679,525
3679,3720
3680,327
3680,3720
3683,141
3684,2076
3695,667
3695,1226
3709,2204
3710,774
3718,298
3718,2378
3719,2382
3719,4136
3720,2281
3721,63
3725,839
3728,165
3728,2048
3729,376
3729,3536
3734,756
3735,1584
3735,2033
3737,1473
3737,1583
3738,846
3739,437
3741,454
3741,1875
3746,563
3747,68
3747,356
3748,381
3748,430
3752,423
3752,3747
3753,2609
3754,2455
3756,381
3756,389
3756,484
3762,567
3762,2381
3764,1156
3765,398
3765,653
3765,1588
3766,268
3767,2036
3769,43
3770,1112
3771,1222
3811,209
3817,1985
3821,631
3822,665
3822,3827
3823,1517
3824,3842
3825,1177
3825,3846
3826,340
3827,387
3827,1240
3829,261
3829,4037
3830,627
3830,1882
3830,3734
3830,3824
3832,30
3832,1594
3833,468
3838,1088
3838,1495
3838,2982
3842,450
3845,634
3846,363
3847,135
3848,381
3848,1927
3848,3729
3849,419
3849,3824
3850,654
3854,271
3854,831
3854,998
3857,1454
3868,68
3868,2202
3868,4196
3869,68
3869,236
3869,2202
3870,68
3870,2202
3870,4197
3871,3868
3871,3869
3871,3870
3872,236
3872,2012
3873,137
3873,138
3943,116
3943,627
3943,1600
3943,3734
3943,3741
3944,1423
3944,2082
3944,3734
3958,673
3968,564
3979,1378
3979,1509
3980,2172
3990,2229
4004,758
4004,3770
4005,315
4005,758
4005,3811
4019,421
4021,38
4021,66
4026,742
4028,239
4029,384
4031,4021
4034,1413
4034,4031
4037,204
4050,1016
4050,3400
4052,983
4059,1044
4104,1511
4104,4019
4136,330
4139,475
4139,798
4139,1721
4196,2360
4197,2360
4198,2360
4204,2376
4218,1216
4236,4026
4250,829
4250,2321
4315,740
4361,794
4420,265
4638,493
4698,2437
4858,246
4951,372
4951,3577
5088,275
5088,2062
5204,3591
5572,87
5572,343
6092,353
6092,371
6092,1414
6092,5572
6185,86
6185,599
6219,802
6219,2220
6266,393
6266,425
6341,84
6341,410
6351,818
6351,1584
6351,1682
